Interval Start Date/Time,Net Consumption (kWh)
,
2021-02-09 0:00,27.28
2021-02-10 0:00,43.36
2021-02-11 0:00,50.61
2021-02-12 0:00,48.51
2021-02-13 0:00,37.64
2021-02-14 0:00,24.75
2021-02-15 0:00,22.45
2021-02-16 0:00,20.41
2021-02-17 0:00,19.39
2021-02-18 0:00,24.12
2021-02-19 0:00,20.42
2021-02-20 0:00,15.86
2021-02-21 0:00,14.71
2021-02-22 0:00,11.49
2021-02-23 0:00,13.26
2021-02-24 0:00,16.31
2021-02-25 0:00,13.13
2021-02-26 0:00,16.77
2021-02-27 0:00,12.4
2021-02-28 0:00,16.51
2021-03-01 0:00,10.92
2021-03-02 0:00,10.7
2021-03-03 0:00,12.4
2021-03-04 0:00,12.25
2021-03-05 0:00,8.93
2021-03-06 0:00,12.19
2021-03-07 0:00,11.3
2021-03-08 0:00,14.25
2021-03-09 0:00,17.86
2021-03-10 0:00,12.56
2021-03-11 0:00,16.2
2021-03-12 0:00,13.84
2021-03-13 0:00,12.2
2021-03-14 0:00,13.27
2021-03-15 0:00,12.58
2021-03-16 0:00,14.57
2021-03-17 0:00,12.99
2021-03-18 0:00,11.79
2021-03-19 0:00,16.67
2021-03-20 0:00,10.43
2021-03-21 0:00,12.09
2021-03-22 0:00,14.52
2021-03-23 0:00,10.9
2021-03-24 0:00,9.99
2021-03-25 0:00,11.36
2021-03-26 0:00,14.02
2021-03-27 0:00,9.02
2021-03-28 0:00,10.46
2021-03-29 0:00,10.05
2021-03-30 0:00,14.36
2021-03-31 0:00,11.75
2021-04-01 0:00,10.3
2021-04-02 0:00,12.45
2021-04-03 0:00,11.81
2021-04-04 0:00,13.88
2021-04-05 0:00,11.87
2021-04-06 0:00,10.77
2021-04-07 0:00,10.59
2021-04-08 0:00,11.65
2021-04-09 0:00,14.5
2021-04-10 0:00,10.72
2021-04-11 0:00,11.2
2021-04-12 0:00,11.59
2021-04-13 0:00,14.73
2021-04-14 0:00,8.56
2021-04-15 0:00,9.11
2021-04-16 0:00,7.51
2021-04-17 0:00,8.35
2021-04-18 0:00,8.1
2021-04-19 0:00,11.93
2021-04-20 0:00,10.6
2021-04-21 0:00,11.19
2021-04-22 0:00,9.31
2021-04-23 0:00,9.02
2021-04-24 0:00,9.51
2021-04-25 0:00,7.85
2021-04-26 0:00,8.97
2021-04-27 0:00,8.45
2021-04-28 0:00,9.52
2021-04-29 0:00,8.59
2021-04-30 0:00,11.73
2021-05-01 0:00,9.14
2021-05-02 0:00,8.7
2021-05-03 0:00,9.6
2021-05-04 0:00,8.75
2021-05-05 0:00,8.53
2021-05-06 0:00,8.2
2021-05-07 0:00,10.74
2021-05-08 0:00,8.86
2021-05-09 0:00,7.5
2021-05-10 0:00,8.52
2021-05-11 0:00,8.05
2021-05-12 0:00,9.26
2021-05-13 0:00,9.73
2021-05-14 0:00,8.6
2021-05-15 0:00,11.49
2021-05-16 0:00,9.68
2021-05-17 0:00,7.89
2021-05-18 0:00,8.8
2021-05-19 0:00,8.87
2021-05-20 0:00,10.45
2021-05-21 0:00,11.63
2021-05-22 0:00,9.58
2021-05-23 0:00,10.59
2021-05-24 0:00,13.25
2021-05-25 0:00,10.92
2021-05-26 0:00,8.58
2021-05-27 0:00,8.64
2021-05-28 0:00,8.28
2021-05-29 0:00,9.88
2021-05-30 0:00,12.79
2021-05-31 0:00,10.98
2021-06-01 0:00,16.45
2021-06-02 0:00,18.12
2021-06-03 0:00,14.92
2021-06-04 0:00,11.37
2021-06-05 0:00,8.44
2021-06-06 0:00,9.6
2021-06-07 0:00,9.92
2021-06-08 0:00,8.41
2021-06-09 0:00,8.52
2021-06-10 0:00,8.99
2021-06-11 0:00,8.96
2021-06-12 0:00,6.18
2021-06-13 0:00,8.22
2021-06-14 0:00,12.01
2021-06-15 0:00,13.34
2021-06-16 0:00,14.46
2021-06-17 0:00,12.92
2021-06-18 0:00,12.4
2021-06-19 0:00,10.26
2021-06-20 0:00,12.54
2021-06-21 0:00,18.41
2021-06-22 0:00,20.49
2021-06-23 0:00,15.46
2021-06-24 0:00,13.79
2021-06-25 0:00,20.24
2021-06-26 0:00,24.19
2021-06-27 0:00,28.5
2021-06-28 0:00,27.94
2021-06-29 0:00,31.34
2021-06-30 0:00,31.22
2021-07-01 0:00,28.51
2021-07-02 0:00,18.51
2021-07-03 0:00,18.07
2021-07-04 0:00,18.52
2021-07-05 0:00,17.69
2021-07-06 0:00,15.81
2021-07-07 0:00,13.78
2021-07-08 0:00,15.94
2021-07-09 0:00,16.32
2021-07-10 0:00,18.78
2021-07-11 0:00,18.53
2021-07-12 0:00,16.36
2021-07-13 0:00,18.7
2021-07-14 0:00,16.5
2021-07-15 0:00,16.49
2021-07-16 0:00,13.49
2021-07-17 0:00,15.63
2021-07-18 0:00,19.76
2021-07-19 0:00,17.45
2021-07-20 0:00,16.54
2021-07-21 0:00,13.04
2021-07-22 0:00,12.11
2021-07-23 0:00,12.05
2021-07-24 0:00,14.36
2021-07-25 0:00,17.7
2021-07-26 0:00,21.19
2021-07-27 0:00,14
2021-07-28 0:00,16.17
2021-07-29 0:00,14.86
2021-07-30 0:00,14.74
2021-07-31 0:00,16.41
2021-08-01 0:00,14.73
2021-08-02 0:00,18.24
2021-08-03 0:00,17.77
2021-08-04 0:00,15.74
2021-08-05 0:00,17.34
2021-08-06 0:00,9.76
2021-08-07 0:00,13.71
2021-08-08 0:00,11.71
2021-08-09 0:00,18.18
2021-08-10 0:00,16.46
2021-08-11 0:00,21.14
2021-08-12 0:00,15.39
2021-08-13 0:00,17.5
2021-08-14 0:00,14.13
2021-08-15 0:00,16.15
2021-08-16 0:00,16.21
2021-08-17 0:00,15.1
2021-08-18 0:00,11.75
2021-08-19 0:00,12.27
2021-08-20 0:00,10.61
2021-08-21 0:00,11.96
2021-08-22 0:00,12.75
2021-08-23 0:00,12.82
2021-08-24 0:00,9.29
2021-08-25 0:00,11.16
2021-08-26 0:00,10.22
2021-08-27 0:00,9.79
2021-08-28 0:00,11.76
2021-08-29 0:00,12.6
2021-08-30 0:00,9.87
2021-08-31 0:00,13.94
2021-09-01 0:00,7.18
2021-09-02 0:00,7.95
2021-09-03 0:00,11.04
2021-09-04 0:00,10.39
2021-09-05 0:00,12.38
2021-09-06 0:00,14.33
2021-09-07 0:00,9.3
2021-09-08 0:00,8.51
2021-09-09 0:00,7.79
2021-09-10 0:00,9.92
2021-09-11 0:00,12.16
2021-09-12 0:00,12.38
2021-09-13 0:00,7.36
2021-09-14 0:00,11.41
2021-09-15 0:00,9.61
2021-09-16 0:00,9.02
2021-09-17 0:00,11.92
2021-09-18 0:00,13.84
2021-09-19 0:00,13.66
2021-09-20 0:00,8.99
2021-09-21 0:00,11.54
2021-09-22 0:00,8.54
2021-09-23 0:00,8.81
2021-09-24 0:00,7.95
2021-09-25 0:00,8.91
2021-09-26 0:00,8.1
2021-09-27 0:00,7.07
2021-09-28 0:00,7.24
2021-09-29 0:00,9.48
2021-09-30 0:00,10.74
2021-10-01 0:00,9.12
2021-10-02 0:00,12.03
2021-10-03 0:00,13.07
2021-10-04 0:00,8.66
2021-10-05 0:00,11.64
2021-10-06 0:00,10
2021-10-07 0:00,9.2
2021-10-08 0:00,12.81
2021-10-09 0:00,14.54
2021-10-10 0:00,13.67
2021-10-11 0:00,15.59
2021-10-12 0:00,12.77
2021-10-13 0:00,13.75
2021-10-14 0:00,15.39
2021-10-15 0:00,13.14
2021-10-16 0:00,10.67
2021-10-17 0:00,10.81
2021-10-18 0:00,10.23
2021-10-19 0:00,14.32
2021-10-20 0:00,12.99
2021-10-21 0:00,12.14
2021-10-22 0:00,10.19
2021-10-23 0:00,12.96
2021-10-24 0:00,12.06
2021-10-25 0:00,10.42
2021-10-26 0:00,12.29
2021-10-27 0:00,10.41
2021-10-28 0:00,11.6
2021-10-29 0:00,16.35
2021-10-30 0:00,21.77
2021-10-31 0:00,20.9
2021-11-01 0:00,17.77
2021-11-02 0:00,17.68
2021-11-03 0:00,15.39
2021-11-04 0:00,11.68
2021-11-05 0:00,10.31
2021-11-06 0:00,10.97
2021-11-07 0:00,14.79
2021-11-08 0:00,11.84
2021-11-09 0:00,12.61
2021-11-10 0:00,11.96
2021-11-11 0:00,14.75
2021-11-12 0:00,13.86
2021-11-13 0:00,13.06
2021-11-14 0:00,15.23
2021-11-15 0:00,9.22
2021-11-16 0:00,19.83
2021-11-17 0:00,10.99
2021-11-18 0:00,16.48
2021-11-19 0:00,17.84
2021-11-20 0:00,18.67
2021-11-21 0:00,16.64
2021-11-22 0:00,10.78
2021-11-23 0:00,11.56
2021-11-24 0:00,18.62
2021-11-25 0:00,16.15
2021-11-26 0:00,11.35
2021-11-27 0:00,14.65
2021-11-28 0:00,16.06
2021-11-29 0:00,10.44
2021-11-30 0:00,11.68
2021-12-01 0:00,8.87
2021-12-02 0:00,9.31
2021-12-03 0:00,12.99
2021-12-04 0:00,20.74
2021-12-05 0:00,18.96
2021-12-06 0:00,15.99
2021-12-07 0:00,22.34
2021-12-08 0:00,17.11
2021-12-09 0:00,17.13
2021-12-10 0:00,20.68
2021-12-11 0:00,20.49
2021-12-12 0:00,19.25
2021-12-13 0:00,16.07
2021-12-14 0:00,14.71
2021-12-15 0:00,19.58
2021-12-16 0:00,18.68
2021-12-17 0:00,21.12
2021-12-18 0:00,24.91
2021-12-19 0:00,21.95
2021-12-20 0:00,17.81
2021-12-21 0:00,24.08
2021-12-22 0:00,19.71
2021-12-23 0:00,21.24
2021-12-24 0:00,19.65
2021-12-25 0:00,26.07
2021-12-26 0:00,32.61
2021-12-27 0:00,37.44
2021-12-28 0:00,35.98
2021-12-29 0:00,31.17
2021-12-30 0:00,25.99
2021-12-31 0:00,24
2022-01-01 0:00,33.03
2022-01-02 0:00,26.54
2022-01-03 0:00,23.76
2022-01-04 0:00,23.48
2022-01-05 0:00,28.81
2022-01-06 0:00,25.18
2022-01-07 0:00,26.55
2022-01-08 0:00,27.11
2022-01-09 0:00,24.24
2022-01-10 0:00,16.68
2022-01-11 0:00,19.51
2022-01-12 0:00,14.94
2022-01-13 0:00,14.58
2022-01-14 0:00,16.7
2022-01-15 0:00,17.44
2022-01-16 0:00,17
2022-01-17 0:00,13.94
2022-01-18 0:00,12.68
2022-01-19 0:00,15.1
2022-01-20 0:00,15.75
2022-01-21 0:00,14.08
2022-01-22 0:00,17.85
2022-01-23 0:00,20.61
2022-01-24 0:00,15.65
2022-01-25 0:00,16.17
2022-01-26 0:00,12.58
2022-01-27 0:00,16.45
2022-01-28 0:00,19.59
2022-01-29 0:00,21.5
2022-01-30 0:00,23.95
2022-01-31 0:00,12.05
2022-02-01 0:00,15.33
2022-02-02 0:00,20.79
2022-02-03 0:00,16.71
2022-02-04 0:00,20.15
2022-02-05 0:00,19.43
2022-02-06 0:00,17.62
2022-02-07 0:00,14.11
2022-02-08 0:00,11.41
2022-02-09 0:00,12.74
2022-02-10 0:00,12.26
2022-02-11 0:00,13.33
2022-02-12 0:00,18.9
2022-02-13 0:00,18.37
2022-02-14 0:00,13.6
2022-02-15 0:00,13.56
2022-02-16 0:00,10.1
2022-02-17 0:00,10.11
2022-02-18 0:00,11.42
2022-02-19 0:00,13.14
2022-02-20 0:00,13.85
2022-02-21 0:00,20.02
2022-02-22 0:00,22.81
2022-02-23 0:00,22.35
2022-02-24 0:00,18.57
2022-02-25 0:00,24.36
2022-02-26 0:00,19.37
2022-02-27 0:00,16.2
2022-02-28 0:00,12.31
2022-03-01 0:00,14.88
2022-03-02 0:00,11.6
2022-03-03 0:00,9.38
2022-03-04 0:00,9.49
2022-03-05 0:00,15.63
2022-03-06 0:00,15.7
2022-03-07 0:00,11.26
2022-03-08 0:00,9.11
2022-03-09 0:00,12.35
2022-03-10 0:00,14.05
2022-03-11 0:00,12.74
2022-03-12 0:00,14.28
2022-03-13 0:00,14.81
2022-03-14 0:00,9.94
2022-03-15 0:00,8.93
2022-03-16 0:00,9
2022-03-17 0:00,8.08
2022-03-18 0:00,9.04
2022-03-19 0:00,12.51
2022-03-20 0:00,10.75
2022-03-21 0:00,8.18
2022-03-22 0:00,9.65
2022-03-23 0:00,8.31
2022-03-24 0:00,7.75
2022-03-25 0:00,8.41
2022-03-26 0:00,10.73
2022-03-27 0:00,11.56
2022-03-28 0:00,7.84
2022-03-29 0:00,9.95
2022-03-30 0:00,8.51
2022-03-31 0:00,7.35
2022-04-01 0:00,8.71
2022-04-02 0:00,9.45
2022-04-03 0:00,10.41
2022-04-04 0:00,10.54
2022-04-05 0:00,8.15
2022-04-06 0:00,6.08
2022-04-07 0:00,6.08
2022-04-08 0:00,7.7
2022-04-09 0:00,8.05
2022-04-10 0:00,10.59
2022-04-11 0:00,10.06
2022-04-12 0:00,5.99
2022-04-13 0:00,6.61
2022-04-14 0:00,10.96
2022-04-15 0:00,8.72
2022-04-16 0:00,9.49
2022-04-17 0:00,9.25
2022-04-18 0:00,9.29
2022-04-19 0:00,7.96
2022-04-20 0:00,6.3
2022-04-21 0:00,7.25
2022-04-22 0:00,7.33
2022-04-23 0:00,9.02
2022-04-24 0:00,9.12
2022-04-25 0:00,7.94
2022-04-26 0:00,6.69
2022-04-27 0:00,6.58
2022-04-28 0:00,9.17
2022-04-29 0:00,6.44
2022-04-30 0:00,7.54
2022-05-01 0:00,8.58
2022-05-02 0:00,9.63
2022-05-03 0:00,5.96
2022-05-04 0:00,7.76
2022-05-05 0:00,6.34
2022-05-06 0:00,7.28
2022-05-07 0:00,8.91
2022-05-08 0:00,11.87
2022-05-09 0:00,6.24
2022-05-10 0:00,5.87
2022-05-11 0:00,6.52
2022-05-12 0:00,6.63
2022-05-13 0:00,7.77
2022-05-14 0:00,8.37
2022-05-15 0:00,7.96
2022-05-16 0:00,7.61
2022-05-17 0:00,8.97
2022-05-18 0:00,9
2022-05-19 0:00,6.31
2022-05-20 0:00,7.83
2022-05-21 0:00,8.14
2022-05-22 0:00,8.5
2022-05-23 0:00,10.18
2022-05-24 0:00,8.8
2022-05-25 0:00,9.97
2022-05-26 0:00,9.93
2022-05-27 0:00,10.86
2022-05-28 0:00,9.09
2022-05-29 0:00,10.47
2022-05-30 0:00,12.01
2022-05-31 0:00,10.78
2022-06-01 0:00,9.35
2022-06-02 0:00,10.58
2022-06-03 0:00,8.7
2022-06-04 0:00,10.44
2022-06-05 0:00,11.32
2022-06-06 0:00,9.26
2022-06-07 0:00,7.67
2022-06-08 0:00,8.76
2022-06-09 0:00,8.45
2022-06-10 0:00,14.61
2022-06-11 0:00,12.86
2022-06-12 0:00,11.68
2022-06-13 0:00,4.63
2022-06-14 0:00,3.67
2022-06-15 0:00,4.38
2022-06-16 0:00,4.77
2022-06-17 0:00,4.6
2022-06-18 0:00,4.88
2022-06-19 0:00,4.57
2022-06-20 0:00,6.03
2022-06-21 0:00,4.87
2022-06-22 0:00,6.22
2022-06-23 0:00,4.5
2022-06-24 0:00,4.72
2022-06-25 0:00,13.6
2022-06-26 0:00,16.13
2022-06-27 0:00,20.87
2022-06-28 0:00,17.22
2022-06-29 0:00,13.22
2022-06-30 0:00,13.8
2022-07-01 0:00,7.96
2022-07-02 0:00,11.86
2022-07-03 0:00,14.7
2022-07-04 0:00,15.61
2022-07-05 0:00,11.62
2022-07-06 0:00,10.49
2022-07-07 0:00,10.6
2022-07-08 0:00,14.51
2022-07-09 0:00,14.64
2022-07-10 0:00,13.67
2022-07-11 0:00,16
2022-07-12 0:00,18.81
2022-07-13 0:00,15.61
2022-07-14 0:00,21.66
2022-07-15 0:00,15.72
2022-07-16 0:00,13.75
2022-07-17 0:00,15.73
2022-07-18 0:00,14.99
2022-07-19 0:00,15.28
2022-07-20 0:00,19.27
2022-07-21 0:00,16.26
2022-07-22 0:00,21.09
2022-07-23 0:00,20.04
2022-07-24 0:00,18.16
2022-07-25 0:00,18.81
2022-07-26 0:00,18.19
2022-07-27 0:00,17
2022-07-28 0:00,21.86
2022-07-29 0:00,23.66
2022-07-30 0:00,21.58
2022-07-31 0:00,22.17
2022-08-01 0:00,10.24
2022-08-02 0:00,16.3
2022-08-03 0:00,14.42
2022-08-04 0:00,13.09
2022-08-05 0:00,12.12
2022-08-06 0:00,13.11
2022-08-07 0:00,18.8
2022-08-08 0:00,21.56
2022-08-09 0:00,18.83
2022-08-10 0:00,16.8
2022-08-11 0:00,16.67
2022-08-12 0:00,15.81
2022-08-13 0:00,14.02
2022-08-14 0:00,14.04
2022-08-15 0:00,13.94
2022-08-16 0:00,18.55
2022-08-17 0:00,21.97
2022-08-18 0:00,21.57
2022-08-19 0:00,18.06
2022-08-20 0:00,21.49
2022-08-21 0:00,22.29
2022-08-22 0:00,21.65
2022-08-23 0:00,19.14
2022-08-24 0:00,17.95
2022-08-25 0:00,19.29
2022-08-26 0:00,17.19
2022-08-27 0:00,13.73
2022-08-28 0:00,14.33
2022-08-29 0:00,14.89
2022-08-30 0:00,13.8
2022-08-31 0:00,15.68
2022-09-01 0:00,14.51
2022-09-02 0:00,16.95
2022-09-03 0:00,22.31
2022-09-04 0:00,15.96
2022-09-05 0:00,14.77
2022-09-06 0:00,10.68
2022-09-07 0:00,9.85
2022-09-08 0:00,9.38
2022-09-09 0:00,8.77
2022-09-10 0:00,10.6
2022-09-11 0:00,14.24
2022-09-12 0:00,8.58
2022-09-13 0:00,9.22
2022-09-14 0:00,6.3
2022-09-15 0:00,6.99
2022-09-16 0:00,9.25
2022-09-17 0:00,8.95
2022-09-18 0:00,9.45
2022-09-19 0:00,10.11
2022-09-20 0:00,9.72
2022-09-21 0:00,7.97
2022-09-22 0:00,9.59
2022-09-23 0:00,9.45
2022-09-24 0:00,11.17
2022-09-25 0:00,11.71
2022-09-26 0:00,8.91
2022-09-27 0:00,10.49
2022-09-28 0:00,11.14
2022-09-29 0:00,11.28
2022-09-30 0:00,8.6
2022-10-01 0:00,3.47
2022-10-02 0:00,12.25
2022-10-03 0:00,11.52
2022-10-04 0:00,10.94
2022-10-05 0:00,9.76
2022-10-06 0:00,11.22
2022-10-07 0:00,12.46
2022-10-08 0:00,10.58
2022-10-09 0:00,12.11
2022-10-10 0:00,12.29
2022-10-11 0:00,9.1
2022-10-12 0:00,9.82
2022-10-13 0:00,8.25
2022-10-14 0:00,9.29
2022-10-15 0:00,10.87
2022-10-16 0:00,12.27
2022-10-17 0:00,9.86
2022-10-18 0:00,9.35
2022-10-19 0:00,10.48
2022-10-20 0:00,8.46
2022-10-21 0:00,13.96
2022-10-22 0:00,13.7
2022-10-23 0:00,19.56
2022-10-24 0:00,8.87
2022-10-25 0:00,8.73
2022-10-26 0:00,7.83
2022-10-27 0:00,10.47
2022-10-28 0:00,9.94
2022-10-29 0:00,11.47
2022-10-30 0:00,12.85
2022-10-31 0:00,8.87
2022-11-01 0:00,9.98
2022-11-02 0:00,11.61
2022-11-03 0:00,12.54
2022-11-04 0:00,15.49
2022-11-05 0:00,15.65
2022-11-06 0:00,17.17
2022-11-07 0:00,14.82
2022-11-08 0:00,16.44
2022-11-09 0:00,25.03
2022-11-10 0:00,24.02
2022-11-11 0:00,18.76
2022-11-12 0:00,19.53
2022-11-13 0:00,19.99
2022-11-14 0:00,14.99
2022-11-15 0:00,11.32
2022-11-16 0:00,12.18
2022-11-17 0:00,13.29
2022-11-18 0:00,18.68
2022-11-19 0:00,21.67
2022-11-20 0:00,21.11
2022-11-21 0:00,15.33
2022-11-22 0:00,14.18
2022-11-23 0:00,10.86
2022-11-24 0:00,13.56
2022-11-25 0:00,16.01
2022-11-26 0:00,18.2
2022-11-27 0:00,17.41
2022-11-28 0:00,14.99
2022-11-29 0:00,17.38
2022-11-30 0:00,14.85
2022-12-01 0:00,26.77
2022-12-02 0:00,33.37
2022-12-03 0:00,30.31
2022-12-04 0:00,20.64
2022-12-05 0:00,17.64
2022-12-06 0:00,19.9
2022-12-07 0:00,20.59
2022-12-08 0:00,18.1
2022-12-09 0:00,20.77
2022-12-10 0:00,17.11
2022-12-11 0:00,15.09
2022-12-12 0:00,14.62
2022-12-13 0:00,17.9
2022-12-14 0:00,19.59
2022-12-15 0:00,18.34
2022-12-16 0:00,18.88
2022-12-17 0:00,16.05
2022-12-18 0:00,22.9
2022-12-19 0:00,41.8
2022-12-20 0:00,37.58
2022-12-21 0:00,44.92
2022-12-22 0:00,45.76
2022-12-23 0:00,32.9
2022-12-24 0:00,24.16
2022-12-25 0:00,23.97
2022-12-26 0:00,17.99
2022-12-27 0:00,18.18
2022-12-28 0:00,16.45
2022-12-29 0:00,17.02
2022-12-30 0:00,14.28
2022-12-31 0:00,10.05
2023-01-01 0:00,20.03
2023-01-02 0:00,15.25
2023-01-03 0:00,14.75
2023-01-04 0:00,14.65
2023-01-05 0:00,15.5
2023-01-06 0:00,19.77
2023-01-07 0:00,17.24
2023-01-08 0:00,16.83
2023-01-09 0:00,10.27
2023-01-10 0:00,12.27
2023-01-11 0:00,12.92
2023-01-12 0:00,10.54
2023-01-13 0:00,16.18
2023-01-14 0:00,11.47
2023-01-15 0:00,13.47
2023-01-16 0:00,11.83
2023-01-17 0:00,8.6
2023-01-18 0:00,10.39
2023-01-19 0:00,11.97
2023-01-20 0:00,10.97
2023-01-21 0:00,17.56
2023-01-22 0:00,18.87
2023-01-23 0:00,9.13
2023-01-24 0:00,11.29
2023-01-25 0:00,10.16
2023-01-26 0:00,10.35
2023-01-27 0:00,11.33
2023-01-28 0:00,10.63
2023-01-29 0:00,19.34
2023-01-30 0:00,21.02
2023-01-31 0:00,13.7
2023-02-01 0:00,19.7
2023-02-02 0:00,11.73
2023-02-03 0:00,21.67
2023-02-04 0:00,18.82
2023-02-05 0:00,13.94
2023-02-06 0:00,8.9
2023-02-07 0:00,8.69
2023-02-08 0:00,8.57
2023-02-09 0:00,9.44
2023-02-10 0:00,13.17
2023-02-11 0:00,14.51
2023-02-12 0:00,13.51
2023-02-13 0:00,8.65
2023-02-14 0:00,11.58
2023-02-15 0:00,11.98
2023-02-16 0:00,12.14
2023-02-17 0:00,14.73
2023-02-18 0:00,15.97
2023-02-19 0:00,7.38
2023-02-20 0:00,12.78
2023-02-21 0:00,12.52
2023-02-22 0:00,21.95
2023-02-23 0:00,24.92
2023-02-24 0:00,20.45
2023-02-25 0:00,25.81
2023-02-26 0:00,25.42
2023-02-27 0:00,13.62
2023-02-28 0:00,15.35
2023-03-01 0:00,13.58
2023-03-02 0:00,11.78
2023-03-03 0:00,14.85
2023-03-04 0:00,15.93
2023-03-05 0:00,18.48
2023-03-06 0:00,9.5
2023-03-07 0:00,8.52
2023-03-08 0:00,10.1
2023-03-09 0:00,10.53
2023-03-10 0:00,15.27
2023-03-11 0:00,9.61
2023-03-12 0:00,8.61
2023-03-13 0:00,6.97
2023-03-14 0:00,10.31
2023-03-15 0:00,8.63
2023-03-16 0:00,8.96
2023-03-17 0:00,11.97
2023-03-18 0:00,13.14
2023-03-19 0:00,13.52
2023-03-20 0:00,6.87
2023-03-21 0:00,9.74
2023-03-22 0:00,7.68
2023-03-23 0:00,5.81
2023-03-24 0:00,9.76
2023-03-25 0:00,8.75
2023-03-26 0:00,9.18
2023-03-27 0:00,4.67
2023-03-28 0:00,6.43
2023-03-29 0:00,7.88
2023-03-30 0:00,5.87
2023-03-31 0:00,6.79
2023-04-01 0:00,12.21
2023-04-02 0:00,10.05
2023-04-03 0:00,7.54
2023-04-04 0:00,7.62
2023-04-05 0:00,6.28
2023-04-06 0:00,10.11
2023-04-07 0:00,11.15
2023-04-08 0:00,9.42
2023-04-09 0:00,8.21
2023-04-10 0:00,9.62
2023-04-11 0:00,5.81
2023-04-12 0:00,6.7
2023-04-13 0:00,5.41
2023-04-14 0:00,7.11
2023-04-15 0:00,9.01
2023-04-16 0:00,8.61
2023-04-17 0:00,7.03
2023-04-18 0:00,6.64
2023-04-19 0:00,5.46
2023-04-20 0:00,8.08
2023-04-21 0:00,5.05
2023-04-22 0:00,3.94
2023-04-23 0:00,7.65
2023-04-24 0:00,7.18
2023-04-25 0:00,4.95
2023-04-26 0:00,6.32
2023-04-27 0:00,9.23
2023-04-28 0:00,8.88
2023-04-29 0:00,10.66
2023-04-30 0:00,12.35
2023-05-01 0:00,7.39
2023-05-02 0:00,11.13
2023-05-03 0:00,8.88
2023-05-04 0:00,10.89
2023-05-05 0:00,8.54
2023-05-06 0:00,10.03
2023-05-07 0:00,9.56
2023-05-08 0:00,9.07
2023-05-09 0:00,10
2023-05-10 0:00,9.57
2023-05-11 0:00,9.39
2023-05-12 0:00,9.75
2023-05-13 0:00,13.19
2023-05-14 0:00,14.86
2023-05-15 0:00,12.88
2023-05-16 0:00,20.25
2023-05-17 0:00,11.73
2023-05-18 0:00,11.45
2023-05-19 0:00,15.52
2023-05-20 0:00,18.35
2023-05-21 0:00,14.71
2023-05-22 0:00,10.15
2023-05-23 0:00,9.1
2023-05-24 0:00,9.58
2023-05-25 0:00,12.89
2023-05-26 0:00,13.52
2023-05-27 0:00,14.63
2023-05-28 0:00,6.18
2023-05-29 0:00,6.21
2023-05-30 0:00,5.71
2023-05-31 0:00,4.57
2023-06-01 0:00,4.97
2023-06-02 0:00,5.4
2023-06-03 0:00,6.57
2023-06-04 0:00,5.87
2023-06-05 0:00,4.55
2023-06-06 0:00,4.86
2023-06-07 0:00,14.34
2023-06-08 0:00,18.9
2023-06-09 0:00,14.26
2023-06-10 0:00,17.18
2023-06-11 0:00,12.39
2023-06-12 0:00,18.07
2023-06-13 0:00,11.92
2023-06-14 0:00,11.29
2023-06-15 0:00,13.75
2023-06-16 0:00,12.21
2023-06-17 0:00,12.74
2023-06-18 0:00,9.32
2023-06-19 0:00,9.57
2023-06-20 0:00,9.44
2023-06-21 0:00,8.62
2023-06-22 0:00,10.94
2023-06-23 0:00,10.77
2023-06-24 0:00,11.87
2023-06-25 0:00,11.96
2023-06-26 0:00,14.08
2023-06-27 0:00,14.67
2023-06-28 0:00,19.26
2023-06-29 0:00,15.4
2023-06-30 0:00,17.37
2023-07-01 0:00,10.01
2023-07-02 0:00,9.03
2023-07-03 0:00,17.99
2023-07-04 0:00,16.22
2023-07-05 0:00,16.19
2023-07-06 0:00,17.74
2023-07-07 0:00,18.97
2023-07-08 0:00,17.77
2023-07-09 0:00,18.73
2023-07-10 0:00,16.82
2023-07-11 0:00,16.21
2023-07-12 0:00,14.21
2023-07-13 0:00,13.88
2023-07-14 0:00,17.11
2023-07-15 0:00,11.12
2023-07-16 0:00,9.58
2023-07-17 0:00,18.56
2023-07-18 0:00,13.14
2023-07-19 0:00,13.89
2023-07-20 0:00,16.08
2023-07-21 0:00,21.29
2023-07-22 0:00,13.41
2023-07-23 0:00,19.09
2023-07-24 0:00,15.83
2023-07-25 0:00,11.47
2023-07-26 0:00,10.03
2023-07-27 0:00,11.29
2023-07-28 0:00,14.5
2023-07-29 0:00,12.99
2023-07-30 0:00,11.33
2023-07-31 0:00,16.69
2023-08-01 0:00,16.34
2023-08-02 0:00,15.26
2023-08-03 0:00,12.71
2023-08-04 0:00,18.08
2023-08-05 0:00,16.85
2023-08-06 0:00,18.72
2023-08-07 0:00,20.53
2023-08-08 0:00,17.33
2023-08-09 0:00,15.86
2023-08-10 0:00,12.6
2023-08-11 0:00,15.03
2023-08-12 0:00,17.2
2023-08-13 0:00,15.17
2023-08-14 0:00,15.44
2023-08-15 0:00,17.57
2023-08-16 0:00,15.23
2023-08-17 0:00,17.45
2023-08-18 0:00,19.09
2023-08-19 0:00,13.39
2023-08-20 0:00,13.76
2023-08-21 0:00,10.41
2023-08-22 0:00,14.83
2023-08-23 0:00,10.77
2023-08-24 0:00,11.6
2023-08-25 0:00,15.58
2023-08-26 0:00,7.92
2023-08-27 0:00,7.15
2023-08-28 0:00,18.24
2023-08-29 0:00,13.44
2023-08-30 0:00,11.62
2023-08-31 0:00,8.12
2023-09-01 0:00,13.42
2023-09-02 0:00,10.71
2023-09-03 0:00,12.12
2023-09-04 0:00,9.84
2023-09-05 0:00,9.88
2023-09-06 0:00,9.96
2023-09-07 0:00,8.96
2023-09-08 0:00,8.53
2023-09-09 0:00,13.8
2023-09-10 0:00,14.28
2023-09-11 0:00,7.77
2023-09-12 0:00,8.82
2023-09-13 0:00,6.87
2023-09-14 0:00,10.81
2023-09-15 0:00,8.89
2023-09-16 0:00,13.28
2023-09-17 0:00,15.12
2023-09-18 0:00,8.5
2023-09-19 0:00,6.43
2023-09-20 0:00,7.63
2023-09-21 0:00,8.45
2023-09-22 0:00,8.86
2023-09-23 0:00,9.39
2023-09-24 0:00,9.79
2023-09-25 0:00,7.13
2023-09-26 0:00,7.86
2023-09-27 0:00,6.8
2023-09-28 0:00,7.24
2023-09-29 0:00,8.38
2023-09-30 0:00,9
2023-10-01 0:00,12.72
2023-10-02 0:00,10.72
2023-10-03 0:00,7.2
2023-10-04 0:00,5.74
2023-10-05 0:00,6.29
2023-10-06 0:00,7.3
2023-10-07 0:00,10.21
2023-10-08 0:00,13.38
2023-10-09 0:00,10.51
2023-10-10 0:00,7.08
2023-10-11 0:00,6.95
2023-10-12 0:00,5.68
2023-10-13 0:00,9.03
2023-10-14 0:00,12.85
2023-10-15 0:00,13.02
2023-10-16 0:00,7.5
2023-10-17 0:00,7.16
2023-10-18 0:00,6.61
2023-10-19 0:00,6.67
2023-10-20 0:00,8.47
2023-10-21 0:00,7.72
2023-10-22 0:00,17.31
2023-10-23 0:00,7.6
2023-10-24 0:00,9.53
2023-10-25 0:00,8.9
2023-10-26 0:00,11.88
2023-10-27 0:00,16.04
2023-10-28 0:00,22.21
2023-10-29 0:00,20.26
2023-10-30 0:00,11.25
2023-10-31 0:00,15.21
2023-11-01 0:00,13.68
2023-11-02 0:00,10.6
2023-11-03 0:00,12.21
2023-11-04 0:00,14.41
2023-11-05 0:00,14.98
2023-11-06 0:00,7.07
2023-11-07 0:00,5.91
2023-11-08 0:00,8.63
2023-11-09 0:00,10.04
2023-11-10 0:00,16.38
2023-11-11 0:00,9.21
2023-11-12 0:00,13.73
2023-11-13 0:00,17.03
2023-11-14 0:00,9.31
2023-11-15 0:00,9.14
2023-11-16 0:00,18.22
2023-11-17 0:00,12.5
2023-11-18 0:00,17.32
2023-11-19 0:00,16.62
2023-11-20 0:00,8.05
2023-11-21 0:00,11.11
2023-11-22 0:00,9.03
2023-11-23 0:00,9.69
2023-11-24 0:00,14.1
2023-11-25 0:00,18.4
2023-11-26 0:00,17.96
2023-11-27 0:00,8.93
2023-11-28 0:00,9.98
2023-11-29 0:00,10.57
2023-11-30 0:00,12.17
2023-12-01 0:00,12.65
2023-12-02 0:00,21.03
2023-12-03 0:00,17.05
2023-12-04 0:00,12.27
2023-12-05 0:00,11.92
2023-12-06 0:00,14.68
2023-12-07 0:00,9.82
2023-12-08 0:00,14.07
2023-12-09 0:00,10.54
2023-12-10 0:00,16.29
2023-12-11 0:00,18.13
2023-12-12 0:00,15.99
2023-12-13 0:00,10.96
2023-12-14 0:00,13.89
2023-12-15 0:00,17.93
2023-12-16 0:00,11.24
2023-12-17 0:00,15.3
2023-12-18 0:00,10.83
2023-12-19 0:00,10.51
2023-12-20 0:00,15.05
2023-12-21 0:00,16.02
2023-12-22 0:00,11.22
2023-12-23 0:00,19.04
2023-12-24 0:00,13.47
2023-12-25 0:00,12.55
2023-12-26 0:00,19.29
2023-12-27 0:00,14.66
2023-12-28 0:00,15.21
2023-12-29 0:00,15.28
2023-12-30 0:00,12.68
2023-12-31 0:00,8.34
2024-01-01 0:00,14.76
2024-01-02 0:00,10.3
2024-01-03 0:00,9.78
2024-01-04 0:00,9.95
2024-01-05 0:00,12.74
2024-01-06 0:00,15.12
2024-01-07 0:00,20.01
2024-01-08 0:00,9.97
2024-01-09 0:00,13.78
2024-01-10 0:00,13.95
2024-01-11 0:00,34.49
2024-01-12 0:00,43.73
2024-01-13 0:00,48.62
2024-01-14 0:00,34.55
2024-01-15 0:00,31.64
2024-01-16 0:00,27.96
2024-01-17 0:00,17.53
2024-01-18 0:00,18.6
2024-01-19 0:00,17.38
2024-01-20 0:00,13.11
2024-01-21 0:00,18.86
2024-01-22 0:00,13.39
2024-01-23 0:00,11.75
2024-01-24 0:00,10.28
2024-01-25 0:00,11.83
2024-01-26 0:00,12.12
2024-01-27 0:00,17.94
2024-01-28 0:00,13.53
2024-01-29 0:00,9.52
2024-01-30 0:00,9
2024-01-31 0:00,12.91
2024-02-01 0:00,10.48
2024-02-02 0:00,10.85
2024-02-03 0:00,13.24
2024-02-04 0:00,15.78
2024-02-05 0:00,12.11
2024-02-06 0:00,11.03
2024-02-07 0:00,13.78
